java.awt.AWTError,AWTError,"https://docs.oracle.com/javase/8/docs/api/java/awt/AWTError.html"
java.awt.AWTException,AWTException,"https://docs.oracle.com/javase/8/docs/api/java/awt/AWTException.html"
java.awt.color.CMMException,CMMException,"https://docs.oracle.com/javase/8/docs/api/java/awt/color/CMMException.html"
java.awt.color.ProfileDataException,ProfileDataException,"https://docs.oracle.com/javase/8/docs/api/java/awt/color/ProfileDataException.html"
java.awt.datatransfer.MimeTypeParseException,MimeTypeParseException,"https://docs.oracle.com/javase/8/docs/api/java/awt/datatransfer/MimeTypeParseException.html"
java.awt.datatransfer.UnsupportedFlavorException,UnsupportedFlavorException,"https://docs.oracle.com/javase/8/docs/api/java/awt/datatransfer/UnsupportedFlavorException.html"
java.awt.dnd.InvalidDnDOperationException,InvalidDnDOperationException,"https://docs.oracle.com/javase/8/docs/api/java/awt/dnd/InvalidDnDOperationException.html"
java.awt.FontFormatException,FontFormatException,"https://docs.oracle.com/javase/8/docs/api/java/awt/FontFormatException.html"
java.awt.geom.IllegalPathStateException,IllegalPathStateException,"https://docs.oracle.com/javase/8/docs/api/java/awt/geom/IllegalPathStateException.html"
java.awt.geom.NoninvertibleTransformException,NoninvertibleTransformException,"https://docs.oracle.com/javase/8/docs/api/java/awt/geom/NoninvertibleTransformException.html"
java.awt.HeadlessException,HeadlessException,"https://docs.oracle.com/javase/8/docs/api/java/awt/HeadlessException.html"
java.awt.IllegalComponentStateException,IllegalComponentStateException,"https://docs.oracle.com/javase/8/docs/api/java/awt/IllegalComponentStateException.html"
java.awt.image.ImagingOpException,ImagingOpException,"https://docs.oracle.com/javase/8/docs/api/java/awt/image/ImagingOpException.html"
java.awt.image.RasterFormatException,RasterFormatException,"https://docs.oracle.com/javase/8/docs/api/java/awt/image/RasterFormatException.html"
java.awt.print.PrinterAbortException,PrinterAbortException,"https://docs.oracle.com/javase/8/docs/api/java/awt/print/PrinterAbortException.html"
java.awt.print.PrinterException,PrinterException,"https://docs.oracle.com/javase/8/docs/api/java/awt/print/PrinterException.html"
java.awt.print.PrinterIOException,PrinterIOException,"https://docs.oracle.com/javase/8/docs/api/java/awt/print/PrinterIOException.html"
java.beans.ExceptionListener,ExceptionListener,"https://docs.oracle.com/javase/8/docs/api/java/beans/ExceptionListener.html"
java.beans.IntrospectionException,IntrospectionException,"https://docs.oracle.com/javase/8/docs/api/java/beans/IntrospectionException.html"
java.beans.PropertyVetoException,PropertyVetoException,"https://docs.oracle.com/javase/8/docs/api/java/beans/PropertyVetoException.html"
java.io.CharConversionException,CharConversionException,"https://docs.oracle.com/javase/8/docs/api/java/io/CharConversionException.html"
java.io.EOFException,EOFException,"https://docs.oracle.com/javase/8/docs/api/java/io/EOFException.html"
java.io.FileNotFoundException,FileNotFoundException,"https://docs.oracle.com/javase/8/docs/api/java/io/FileNotFoundException.html"
java.io.InterruptedIOException,InterruptedIOException,"https://docs.oracle.com/javase/8/docs/api/java/io/InterruptedIOException.html"
java.io.InvalidClassException,InvalidClassException,"https://docs.oracle.com/javase/8/docs/api/java/io/InvalidClassException.html"
java.io.InvalidObjectException,InvalidObjectException,"https://docs.oracle.com/javase/8/docs/api/java/io/InvalidObjectException.html"
java.io.IOError,IOError,"https://docs.oracle.com/javase/8/docs/api/java/io/IOError.html"
java.io.IOException,IOException,"https://docs.oracle.com/javase/8/docs/api/java/io/IOException.html"
java.io.NotActiveException,NotActiveException,"https://docs.oracle.com/javase/8/docs/api/java/io/NotActiveException.html"
java.io.NotSerializableException,NotSerializableException,"https://docs.oracle.com/javase/8/docs/api/java/io/NotSerializableException.html"
java.io.ObjectStreamException,ObjectStreamException,"https://docs.oracle.com/javase/8/docs/api/java/io/ObjectStreamException.html"
java.io.OptionalDataException,OptionalDataException,"https://docs.oracle.com/javase/8/docs/api/java/io/OptionalDataException.html"
java.io.StreamCorruptedException,StreamCorruptedException,"https://docs.oracle.com/javase/8/docs/api/java/io/StreamCorruptedException.html"
java.io.SyncFailedException,SyncFailedException,"https://docs.oracle.com/javase/8/docs/api/java/io/SyncFailedException.html"
java.io.UncheckedIOException,UncheckedIOException,"https://docs.oracle.com/javase/8/docs/api/java/io/UncheckedIOException.html"
java.io.UnsupportedEncodingException,UnsupportedEncodingException,"https://docs.oracle.com/javase/8/docs/api/java/io/UnsupportedEncodingException.html"
java.io.UTFDataFormatException,UTFDataFormatException,"https://docs.oracle.com/javase/8/docs/api/java/io/UTFDataFormatException.html"
java.io.WriteAbortedException,WriteAbortedException,"https://docs.oracle.com/javase/8/docs/api/java/io/WriteAbortedException.html"
java.lang.AbstractMethodError,AbstractMethodError,"https://docs.oracle.com/javase/8/docs/api/java/lang/AbstractMethodError.html"
java.lang.annotation.AnnotationFormatError,AnnotationFormatError,"https://docs.oracle.com/javase/8/docs/api/java/lang/annotation/AnnotationFormatError.html"
java.lang.annotation.AnnotationTypeMismatchException,AnnotationTypeMismatchException,"https://docs.oracle.com/javase/8/docs/api/java/lang/annotation/AnnotationTypeMismatchException.html"
java.lang.annotation.IncompleteAnnotationException,IncompleteAnnotationException,"https://docs.oracle.com/javase/8/docs/api/java/lang/annotation/IncompleteAnnotationException.html"
java.lang.ArithmeticException,ArithmeticException,"https://docs.oracle.com/javase/8/docs/api/java/lang/ArithmeticException.html"
java.lang.ArrayIndexOutOfBoundsException,ArrayIndexOutOfBoundsException,"https://docs.oracle.com/javase/8/docs/api/java/lang/ArrayIndexOutOfBoundsException.html"
java.lang.ArrayStoreException,ArrayStoreException,"https://docs.oracle.com/javase/8/docs/api/java/lang/ArrayStoreException.html"
java.lang.AssertionError,AssertionError,"https://docs.oracle.com/javase/8/docs/api/java/lang/AssertionError.html"
java.lang.BootstrapMethodError,BootstrapMethodError,"https://docs.oracle.com/javase/8/docs/api/java/lang/BootstrapMethodError.html"
java.lang.ClassCastException,ClassCastException,"https://docs.oracle.com/javase/8/docs/api/java/lang/ClassCastException.html"
java.lang.ClassCircularityError,ClassCircularityError,"https://docs.oracle.com/javase/8/docs/api/java/lang/ClassCircularityError.html"
java.lang.ClassFormatError,ClassFormatError,"https://docs.oracle.com/javase/8/docs/api/java/lang/ClassFormatError.html"
java.lang.ClassNotFoundException,ClassNotFoundException,"https://docs.oracle.com/javase/8/docs/api/java/lang/ClassNotFoundException.html"
java.lang.CloneNotSupportedException,CloneNotSupportedException,"https://docs.oracle.com/javase/8/docs/api/java/lang/CloneNotSupportedException.html"
java.lang.EnumConstantNotPresentException,EnumConstantNotPresentException,"https://docs.oracle.com/javase/8/docs/api/java/lang/EnumConstantNotPresentException.html"
java.lang.Error,Error,"https://docs.oracle.com/javase/8/docs/api/java/lang/Error.html"
java.lang.Exception,Exception,"https://docs.oracle.com/javase/8/docs/api/java/lang/Exception.html"
java.lang.ExceptionInInitializerError,ExceptionInInitializerError,"https://docs.oracle.com/javase/8/docs/api/java/lang/ExceptionInInitializerError.html"
java.lang.IllegalAccessError,IllegalAccessError,"https://docs.oracle.com/javase/8/docs/api/java/lang/IllegalAccessError.html"
java.lang.IllegalAccessException,IllegalAccessException,"https://docs.oracle.com/javase/8/docs/api/java/lang/IllegalAccessException.html"
java.lang.IllegalArgumentException,IllegalArgumentException,"https://docs.oracle.com/javase/8/docs/api/java/lang/IllegalArgumentException.html"
java.lang.IllegalMonitorStateException,IllegalMonitorStateException,"https://docs.oracle.com/javase/8/docs/api/java/lang/IllegalMonitorStateException.html"
java.lang.IllegalStateException,IllegalStateException,"https://docs.oracle.com/javase/8/docs/api/java/lang/IllegalStateException.html"
java.lang.IllegalThreadStateException,IllegalThreadStateException,"https://docs.oracle.com/javase/8/docs/api/java/lang/IllegalThreadStateException.html"
java.lang.IncompatibleClassChangeError,IncompatibleClassChangeError,"https://docs.oracle.com/javase/8/docs/api/java/lang/IncompatibleClassChangeError.html"
java.lang.IndexOutOfBoundsException,IndexOutOfBoundsException,"https://docs.oracle.com/javase/8/docs/api/java/lang/IndexOutOfBoundsException.html"
java.lang.InstantiationError,InstantiationError,"https://docs.oracle.com/javase/8/docs/api/java/lang/InstantiationError.html"
java.lang.InstantiationException,InstantiationException,"https://docs.oracle.com/javase/8/docs/api/java/lang/InstantiationException.html"
java.lang.instrument.IllegalClassFormatException,IllegalClassFormatException,"https://docs.oracle.com/javase/8/docs/api/java/lang/instrument/IllegalClassFormatException.html"
java.lang.instrument.UnmodifiableClassException,UnmodifiableClassException,"https://docs.oracle.com/javase/8/docs/api/java/lang/instrument/UnmodifiableClassException.html"
java.lang.InternalError,InternalError,"https://docs.oracle.com/javase/8/docs/api/java/lang/InternalError.html"
java.lang.InterruptedException,InterruptedException,"https://docs.oracle.com/javase/8/docs/api/java/lang/InterruptedException.html"
java.lang.invoke.LambdaConversionException,LambdaConversionException,"https://docs.oracle.com/javase/8/docs/api/java/lang/invoke/LambdaConversionException.html"
java.lang.invoke.WrongMethodTypeException,WrongMethodTypeException,"https://docs.oracle.com/javase/8/docs/api/java/lang/invoke/WrongMethodTypeException.html"
java.lang.LinkageError,LinkageError,"https://docs.oracle.com/javase/8/docs/api/java/lang/LinkageError.html"
java.lang.NegativeArraySizeException,NegativeArraySizeException,"https://docs.oracle.com/javase/8/docs/api/java/lang/NegativeArraySizeException.html"
java.lang.NoClassDefFoundError,NoClassDefFoundError,"https://docs.oracle.com/javase/8/docs/api/java/lang/NoClassDefFoundError.html"
java.lang.NoSuchFieldError,NoSuchFieldError,"https://docs.oracle.com/javase/8/docs/api/java/lang/NoSuchFieldError.html"
java.lang.NoSuchFieldException,NoSuchFieldException,"https://docs.oracle.com/javase/8/docs/api/java/lang/NoSuchFieldException.html"
java.lang.NoSuchMethodError,NoSuchMethodError,"https://docs.oracle.com/javase/8/docs/api/java/lang/NoSuchMethodError.html"
java.lang.NoSuchMethodException,NoSuchMethodException,"https://docs.oracle.com/javase/8/docs/api/java/lang/NoSuchMethodException.html"
java.lang.NullPointerException,NullPointerException,"https://docs.oracle.com/javase/8/docs/api/java/lang/NullPointerException.html"
java.lang.NumberFormatException,NumberFormatException,"https://docs.oracle.com/javase/8/docs/api/java/lang/NumberFormatException.html"
java.lang.OutOfMemoryError,OutOfMemoryError,"https://docs.oracle.com/javase/8/docs/api/java/lang/OutOfMemoryError.html"
java.lang.reflect.GenericSignatureFormatError,GenericSignatureFormatError,"https://docs.oracle.com/javase/8/docs/api/java/lang/reflect/GenericSignatureFormatError.html"
java.lang.reflect.InvocationTargetException,InvocationTargetException,"https://docs.oracle.com/javase/8/docs/api/java/lang/reflect/InvocationTargetException.html"
java.lang.reflect.MalformedParameterizedTypeException,MalformedParameterizedTypeException,"https://docs.oracle.com/javase/8/docs/api/java/lang/reflect/MalformedParameterizedTypeException.html"
java.lang.reflect.MalformedParametersException,MalformedParametersException,"https://docs.oracle.com/javase/8/docs/api/java/lang/reflect/MalformedParametersException.html"
java.lang.reflect.UndeclaredThrowableException,UndeclaredThrowableException,"https://docs.oracle.com/javase/8/docs/api/java/lang/reflect/UndeclaredThrowableException.html"
java.lang.ReflectiveOperationException,ReflectiveOperationException,"https://docs.oracle.com/javase/8/docs/api/java/lang/ReflectiveOperationException.html"
java.lang.RuntimeException,RuntimeException,"https://docs.oracle.com/javase/8/docs/api/java/lang/RuntimeException.html"
java.lang.SecurityException,SecurityException,"https://docs.oracle.com/javase/8/docs/api/java/lang/SecurityException.html"
java.lang.StackOverflowError,StackOverflowError,"https://docs.oracle.com/javase/8/docs/api/java/lang/StackOverflowError.html"
java.lang.StringIndexOutOfBoundsException,StringIndexOutOfBoundsException,"https://docs.oracle.com/javase/8/docs/api/java/lang/StringIndexOutOfBoundsException.html"
java.lang.Thread.UncaughtExceptionHandler,Thread.UncaughtExceptionHandler,"https://docs.oracle.com/javase/8/docs/api/java/lang/Thread.UncaughtExceptionHandler.html"
java.lang.TypeNotPresentException,TypeNotPresentException,"https://docs.oracle.com/javase/8/docs/api/java/lang/TypeNotPresentException.html"
java.lang.UnknownError,UnknownError,"https://docs.oracle.com/javase/8/docs/api/java/lang/UnknownError.html"
java.lang.UnsatisfiedLinkError,UnsatisfiedLinkError,"https://docs.oracle.com/javase/8/docs/api/java/lang/UnsatisfiedLinkError.html"
java.lang.UnsupportedClassVersionError,UnsupportedClassVersionError,"https://docs.oracle.com/javase/8/docs/api/java/lang/UnsupportedClassVersionError.html"
java.lang.UnsupportedOperationException,UnsupportedOperationException,"https://docs.oracle.com/javase/8/docs/api/java/lang/UnsupportedOperationException.html"
java.lang.VerifyError,VerifyError,"https://docs.oracle.com/javase/8/docs/api/java/lang/VerifyError.html"
java.lang.VirtualMachineError,VirtualMachineError,"https://docs.oracle.com/javase/8/docs/api/java/lang/VirtualMachineError.html"
java.net.BindException,BindException,"https://docs.oracle.com/javase/8/docs/api/java/net/BindException.html"
java.net.ConnectException,ConnectException,"https://docs.oracle.com/javase/8/docs/api/java/net/ConnectException.html"
java.net.HttpRetryException,HttpRetryException,"https://docs.oracle.com/javase/8/docs/api/java/net/HttpRetryException.html"
java.net.MalformedURLException,MalformedURLException,"https://docs.oracle.com/javase/8/docs/api/java/net/MalformedURLException.html"
java.net.NoRouteToHostException,NoRouteToHostException,"https://docs.oracle.com/javase/8/docs/api/java/net/NoRouteToHostException.html"
java.net.PortUnreachableException,PortUnreachableException,"https://docs.oracle.com/javase/8/docs/api/java/net/PortUnreachableException.html"
java.net.ProtocolException,ProtocolException,"https://docs.oracle.com/javase/8/docs/api/java/net/ProtocolException.html"
java.net.SocketException,SocketException,"https://docs.oracle.com/javase/8/docs/api/java/net/SocketException.html"
java.net.SocketTimeoutException,SocketTimeoutException,"https://docs.oracle.com/javase/8/docs/api/java/net/SocketTimeoutException.html"
java.net.UnknownHostException,UnknownHostException,"https://docs.oracle.com/javase/8/docs/api/java/net/UnknownHostException.html"
java.net.UnknownServiceException,UnknownServiceException,"https://docs.oracle.com/javase/8/docs/api/java/net/UnknownServiceException.html"
java.net.URISyntaxException,URISyntaxException,"https://docs.oracle.com/javase/8/docs/api/java/net/URISyntaxException.html"
java.nio.BufferOverflowException,BufferOverflowException,"https://docs.oracle.com/javase/8/docs/api/java/nio/BufferOverflowException.html"
java.nio.BufferUnderflowException,BufferUnderflowException,"https://docs.oracle.com/javase/8/docs/api/java/nio/BufferUnderflowException.html"
java.nio.channels.AcceptPendingException,AcceptPendingException,"https://docs.oracle.com/javase/8/docs/api/java/nio/channels/AcceptPendingException.html"
java.nio.channels.AlreadyBoundException,AlreadyBoundException,"https://docs.oracle.com/javase/8/docs/api/java/nio/channels/AlreadyBoundException.html"
java.nio.channels.AlreadyConnectedException,AlreadyConnectedException,"https://docs.oracle.com/javase/8/docs/api/java/nio/channels/AlreadyConnectedException.html"
java.nio.channels.AsynchronousCloseException,AsynchronousCloseException,"https://docs.oracle.com/javase/8/docs/api/java/nio/channels/AsynchronousCloseException.html"
java.nio.channels.CancelledKeyException,CancelledKeyException,"https://docs.oracle.com/javase/8/docs/api/java/nio/channels/CancelledKeyException.html"
java.nio.channels.ClosedByInterruptException,ClosedByInterruptException,"https://docs.oracle.com/javase/8/docs/api/java/nio/channels/ClosedByInterruptException.html"
java.nio.channels.ClosedChannelException,ClosedChannelException,"https://docs.oracle.com/javase/8/docs/api/java/nio/channels/ClosedChannelException.html"
java.nio.channels.ClosedSelectorException,ClosedSelectorException,"https://docs.oracle.com/javase/8/docs/api/java/nio/channels/ClosedSelectorException.html"
java.nio.channels.ConnectionPendingException,ConnectionPendingException,"https://docs.oracle.com/javase/8/docs/api/java/nio/channels/ConnectionPendingException.html"
java.nio.channels.FileLockInterruptionException,FileLockInterruptionException,"https://docs.oracle.com/javase/8/docs/api/java/nio/channels/FileLockInterruptionException.html"
java.nio.channels.IllegalBlockingModeException,IllegalBlockingModeException,"https://docs.oracle.com/javase/8/docs/api/java/nio/channels/IllegalBlockingModeException.html"
java.nio.channels.IllegalChannelGroupException,IllegalChannelGroupException,"https://docs.oracle.com/javase/8/docs/api/java/nio/channels/IllegalChannelGroupException.html"
java.nio.channels.IllegalSelectorException,IllegalSelectorException,"https://docs.oracle.com/javase/8/docs/api/java/nio/channels/IllegalSelectorException.html"
java.nio.channels.InterruptedByTimeoutException,InterruptedByTimeoutException,"https://docs.oracle.com/javase/8/docs/api/java/nio/channels/InterruptedByTimeoutException.html"
java.nio.channels.NoConnectionPendingException,NoConnectionPendingException,"https://docs.oracle.com/javase/8/docs/api/java/nio/channels/NoConnectionPendingException.html"
java.nio.channels.NonReadableChannelException,NonReadableChannelException,"https://docs.oracle.com/javase/8/docs/api/java/nio/channels/NonReadableChannelException.html"
java.nio.channels.NonWritableChannelException,NonWritableChannelException,"https://docs.oracle.com/javase/8/docs/api/java/nio/channels/NonWritableChannelException.html"
java.nio.channels.NotYetBoundException,NotYetBoundException,"https://docs.oracle.com/javase/8/docs/api/java/nio/channels/NotYetBoundException.html"
java.nio.channels.NotYetConnectedException,NotYetConnectedException,"https://docs.oracle.com/javase/8/docs/api/java/nio/channels/NotYetConnectedException.html"
java.nio.channels.OverlappingFileLockException,OverlappingFileLockException,"https://docs.oracle.com/javase/8/docs/api/java/nio/channels/OverlappingFileLockException.html"
java.nio.channels.ReadPendingException,ReadPendingException,"https://docs.oracle.com/javase/8/docs/api/java/nio/channels/ReadPendingException.html"
java.nio.channels.ShutdownChannelGroupException,ShutdownChannelGroupException,"https://docs.oracle.com/javase/8/docs/api/java/nio/channels/ShutdownChannelGroupException.html"
java.nio.channels.UnresolvedAddressException,UnresolvedAddressException,"https://docs.oracle.com/javase/8/docs/api/java/nio/channels/UnresolvedAddressException.html"
java.nio.channels.UnsupportedAddressTypeException,UnsupportedAddressTypeException,"https://docs.oracle.com/javase/8/docs/api/java/nio/channels/UnsupportedAddressTypeException.html"
java.nio.channels.WritePendingException,WritePendingException,"https://docs.oracle.com/javase/8/docs/api/java/nio/channels/WritePendingException.html"
java.nio.charset.CharacterCodingException,CharacterCodingException,"https://docs.oracle.com/javase/8/docs/api/java/nio/charset/CharacterCodingException.html"
java.nio.charset.CoderMalfunctionError,CoderMalfunctionError,"https://docs.oracle.com/javase/8/docs/api/java/nio/charset/CoderMalfunctionError.html"
java.nio.charset.CodingErrorAction,CodingErrorAction,"https://docs.oracle.com/javase/8/docs/api/java/nio/charset/CodingErrorAction.html"
java.nio.charset.IllegalCharsetNameException,IllegalCharsetNameException,"https://docs.oracle.com/javase/8/docs/api/java/nio/charset/IllegalCharsetNameException.html"
java.nio.charset.MalformedInputException,MalformedInputException,"https://docs.oracle.com/javase/8/docs/api/java/nio/charset/MalformedInputException.html"
java.nio.charset.UnmappableCharacterException,UnmappableCharacterException,"https://docs.oracle.com/javase/8/docs/api/java/nio/charset/UnmappableCharacterException.html"
java.nio.charset.UnsupportedCharsetException,UnsupportedCharsetException,"https://docs.oracle.com/javase/8/docs/api/java/nio/charset/UnsupportedCharsetException.html"
java.nio.file.AccessDeniedException,AccessDeniedException,"https://docs.oracle.com/javase/8/docs/api/java/nio/file/AccessDeniedException.html"
java.nio.file.AtomicMoveNotSupportedException,AtomicMoveNotSupportedException,"https://docs.oracle.com/javase/8/docs/api/java/nio/file/AtomicMoveNotSupportedException.html"
java.nio.file.attribute.UserPrincipalNotFoundException,UserPrincipalNotFoundException,"https://docs.oracle.com/javase/8/docs/api/java/nio/file/attribute/UserPrincipalNotFoundException.html"
java.nio.file.ClosedDirectoryStreamException,ClosedDirectoryStreamException,"https://docs.oracle.com/javase/8/docs/api/java/nio/file/ClosedDirectoryStreamException.html"
java.nio.file.ClosedFileSystemException,ClosedFileSystemException,"https://docs.oracle.com/javase/8/docs/api/java/nio/file/ClosedFileSystemException.html"
java.nio.file.ClosedWatchServiceException,ClosedWatchServiceException,"https://docs.oracle.com/javase/8/docs/api/java/nio/file/ClosedWatchServiceException.html"
java.nio.file.DirectoryIteratorException,DirectoryIteratorException,"https://docs.oracle.com/javase/8/docs/api/java/nio/file/DirectoryIteratorException.html"
java.nio.file.DirectoryNotEmptyException,DirectoryNotEmptyException,"https://docs.oracle.com/javase/8/docs/api/java/nio/file/DirectoryNotEmptyException.html"
java.nio.file.FileAlreadyExistsException,FileAlreadyExistsException,"https://docs.oracle.com/javase/8/docs/api/java/nio/file/FileAlreadyExistsException.html"
java.nio.file.FileSystemAlreadyExistsException,FileSystemAlreadyExistsException,"https://docs.oracle.com/javase/8/docs/api/java/nio/file/FileSystemAlreadyExistsException.html"
java.nio.file.FileSystemException,FileSystemException,"https://docs.oracle.com/javase/8/docs/api/java/nio/file/FileSystemException.html"
java.nio.file.FileSystemLoopException,FileSystemLoopException,"https://docs.oracle.com/javase/8/docs/api/java/nio/file/FileSystemLoopException.html"
java.nio.file.FileSystemNotFoundException,FileSystemNotFoundException,"https://docs.oracle.com/javase/8/docs/api/java/nio/file/FileSystemNotFoundException.html"
java.nio.file.InvalidPathException,InvalidPathException,"https://docs.oracle.com/javase/8/docs/api/java/nio/file/InvalidPathException.html"
java.nio.file.NoSuchFileException,NoSuchFileException,"https://docs.oracle.com/javase/8/docs/api/java/nio/file/NoSuchFileException.html"
java.nio.file.NotDirectoryException,NotDirectoryException,"https://docs.oracle.com/javase/8/docs/api/java/nio/file/NotDirectoryException.html"
java.nio.file.NotLinkException,NotLinkException,"https://docs.oracle.com/javase/8/docs/api/java/nio/file/NotLinkException.html"
java.nio.file.ProviderMismatchException,ProviderMismatchException,"https://docs.oracle.com/javase/8/docs/api/java/nio/file/ProviderMismatchException.html"
java.nio.file.ProviderNotFoundException,ProviderNotFoundException,"https://docs.oracle.com/javase/8/docs/api/java/nio/file/ProviderNotFoundException.html"
java.nio.file.ReadOnlyFileSystemException,ReadOnlyFileSystemException,"https://docs.oracle.com/javase/8/docs/api/java/nio/file/ReadOnlyFileSystemException.html"
java.nio.InvalidMarkException,InvalidMarkException,"https://docs.oracle.com/javase/8/docs/api/java/nio/InvalidMarkException.html"
java.nio.ReadOnlyBufferException,ReadOnlyBufferException,"https://docs.oracle.com/javase/8/docs/api/java/nio/ReadOnlyBufferException.html"
java.rmi.AccessException,AccessException,"https://docs.oracle.com/javase/8/docs/api/java/rmi/AccessException.html"
java.rmi.activation.ActivateFailedException,ActivateFailedException,"https://docs.oracle.com/javase/8/docs/api/java/rmi/activation/ActivateFailedException.html"
java.rmi.activation.ActivationException,ActivationException,"https://docs.oracle.com/javase/8/docs/api/java/rmi/activation/ActivationException.html"
java.rmi.activation.UnknownGroupException,UnknownGroupException,"https://docs.oracle.com/javase/8/docs/api/java/rmi/activation/UnknownGroupException.html"
java.rmi.activation.UnknownObjectException,UnknownObjectException,"https://docs.oracle.com/javase/8/docs/api/java/rmi/activation/UnknownObjectException.html"
java.rmi.AlreadyBoundException,AlreadyBoundException,"https://docs.oracle.com/javase/8/docs/api/java/rmi/AlreadyBoundException.html"
java.rmi.ConnectException,ConnectException,"https://docs.oracle.com/javase/8/docs/api/java/rmi/ConnectException.html"
java.rmi.ConnectIOException,ConnectIOException,"https://docs.oracle.com/javase/8/docs/api/java/rmi/ConnectIOException.html"
java.rmi.MarshalException,MarshalException,"https://docs.oracle.com/javase/8/docs/api/java/rmi/MarshalException.html"
java.rmi.NoSuchObjectException,NoSuchObjectException,"https://docs.oracle.com/javase/8/docs/api/java/rmi/NoSuchObjectException.html"
java.rmi.NotBoundException,NotBoundException,"https://docs.oracle.com/javase/8/docs/api/java/rmi/NotBoundException.html"
java.rmi.RemoteException,RemoteException,"https://docs.oracle.com/javase/8/docs/api/java/rmi/RemoteException.html"
java.rmi.RMISecurityException,RMISecurityException,"https://docs.oracle.com/javase/8/docs/api/java/rmi/RMISecurityException.html"
java.rmi.server.ExportException,ExportException,"https://docs.oracle.com/javase/8/docs/api/java/rmi/server/ExportException.html"
java.rmi.server.ServerCloneException,ServerCloneException,"https://docs.oracle.com/javase/8/docs/api/java/rmi/server/ServerCloneException.html"
java.rmi.server.ServerNotActiveException,ServerNotActiveException,"https://docs.oracle.com/javase/8/docs/api/java/rmi/server/ServerNotActiveException.html"
java.rmi.server.SkeletonMismatchException,SkeletonMismatchException,"https://docs.oracle.com/javase/8/docs/api/java/rmi/server/SkeletonMismatchException.html"
java.rmi.server.SkeletonNotFoundException,SkeletonNotFoundException,"https://docs.oracle.com/javase/8/docs/api/java/rmi/server/SkeletonNotFoundException.html"
java.rmi.server.SocketSecurityException,SocketSecurityException,"https://docs.oracle.com/javase/8/docs/api/java/rmi/server/SocketSecurityException.html"
java.rmi.ServerError,ServerError,"https://docs.oracle.com/javase/8/docs/api/java/rmi/ServerError.html"
java.rmi.ServerException,ServerException,"https://docs.oracle.com/javase/8/docs/api/java/rmi/ServerException.html"
java.rmi.ServerRuntimeException,ServerRuntimeException,"https://docs.oracle.com/javase/8/docs/api/java/rmi/ServerRuntimeException.html"
java.rmi.StubNotFoundException,StubNotFoundException,"https://docs.oracle.com/javase/8/docs/api/java/rmi/StubNotFoundException.html"
java.rmi.UnexpectedException,UnexpectedException,"https://docs.oracle.com/javase/8/docs/api/java/rmi/UnexpectedException.html"
java.rmi.UnknownHostException,UnknownHostException,"https://docs.oracle.com/javase/8/docs/api/java/rmi/UnknownHostException.html"
java.rmi.UnmarshalException,UnmarshalException,"https://docs.oracle.com/javase/8/docs/api/java/rmi/UnmarshalException.html"
java.security.AccessControlException,AccessControlException,"https://docs.oracle.com/javase/8/docs/api/java/security/AccessControlException.html"
java.security.acl.AclNotFoundException,AclNotFoundException,"https://docs.oracle.com/javase/8/docs/api/java/security/acl/AclNotFoundException.html"
java.security.acl.LastOwnerException,LastOwnerException,"https://docs.oracle.com/javase/8/docs/api/java/security/acl/LastOwnerException.html"
java.security.acl.NotOwnerException,NotOwnerException,"https://docs.oracle.com/javase/8/docs/api/java/security/acl/NotOwnerException.html"
java.security.cert.CertificateEncodingException,CertificateEncodingException,"https://docs.oracle.com/javase/8/docs/api/java/security/cert/CertificateEncodingException.html"
java.security.cert.CertificateException,CertificateException,"https://docs.oracle.com/javase/8/docs/api/java/security/cert/CertificateException.html"
java.security.cert.CertificateExpiredException,CertificateExpiredException,"https://docs.oracle.com/javase/8/docs/api/java/security/cert/CertificateExpiredException.html"
java.security.cert.CertificateNotYetValidException,CertificateNotYetValidException,"https://docs.oracle.com/javase/8/docs/api/java/security/cert/CertificateNotYetValidException.html"
java.security.cert.CertificateParsingException,CertificateParsingException,"https://docs.oracle.com/javase/8/docs/api/java/security/cert/CertificateParsingException.html"
java.security.cert.CertificateRevokedException,CertificateRevokedException,"https://docs.oracle.com/javase/8/docs/api/java/security/cert/CertificateRevokedException.html"
java.security.cert.CertPathBuilderException,CertPathBuilderException,"https://docs.oracle.com/javase/8/docs/api/java/security/cert/CertPathBuilderException.html"
java.security.cert.CertPathValidatorException.BasicReason,CertPathValidatorException.BasicReason,"https://docs.oracle.com/javase/8/docs/api/java/security/cert/CertPathValidatorException.BasicReason.html"
java.security.cert.CertPathValidatorException,CertPathValidatorException,"https://docs.oracle.com/javase/8/docs/api/java/security/cert/CertPathValidatorException.html"
java.security.cert.CertPathValidatorException.Reason,CertPathValidatorException.Reason,"https://docs.oracle.com/javase/8/docs/api/java/security/cert/CertPathValidatorException.Reason.html"
java.security.cert.CertStoreException,CertStoreException,"https://docs.oracle.com/javase/8/docs/api/java/security/cert/CertStoreException.html"
java.security.cert.CRLException,CRLException,"https://docs.oracle.com/javase/8/docs/api/java/security/cert/CRLException.html"
java.security.DigestException,DigestException,"https://docs.oracle.com/javase/8/docs/api/java/security/DigestException.html"
java.security.GeneralSecurityException,GeneralSecurityException,"https://docs.oracle.com/javase/8/docs/api/java/security/GeneralSecurityException.html"
java.security.InvalidAlgorithmParameterException,InvalidAlgorithmParameterException,"https://docs.oracle.com/javase/8/docs/api/java/security/InvalidAlgorithmParameterException.html"
java.security.InvalidKeyException,InvalidKeyException,"https://docs.oracle.com/javase/8/docs/api/java/security/InvalidKeyException.html"
java.security.InvalidParameterException,InvalidParameterException,"https://docs.oracle.com/javase/8/docs/api/java/security/InvalidParameterException.html"
java.security.KeyException,KeyException,"https://docs.oracle.com/javase/8/docs/api/java/security/KeyException.html"
java.security.KeyManagementException,KeyManagementException,"https://docs.oracle.com/javase/8/docs/api/java/security/KeyManagementException.html"
java.security.KeyStoreException,KeyStoreException,"https://docs.oracle.com/javase/8/docs/api/java/security/KeyStoreException.html"
java.security.NoSuchAlgorithmException,NoSuchAlgorithmException,"https://docs.oracle.com/javase/8/docs/api/java/security/NoSuchAlgorithmException.html"
java.security.NoSuchProviderException,NoSuchProviderException,"https://docs.oracle.com/javase/8/docs/api/java/security/NoSuchProviderException.html"
java.security.PrivilegedActionException,PrivilegedActionException,"https://docs.oracle.com/javase/8/docs/api/java/security/PrivilegedActionException.html"
java.security.PrivilegedExceptionAction,PrivilegedExceptionAction,"https://docs.oracle.com/javase/8/docs/api/java/security/PrivilegedExceptionAction.html"
java.security.ProviderException,ProviderException,"https://docs.oracle.com/javase/8/docs/api/java/security/ProviderException.html"
java.security.SignatureException,SignatureException,"https://docs.oracle.com/javase/8/docs/api/java/security/SignatureException.html"
java.security.spec.InvalidKeySpecException,InvalidKeySpecException,"https://docs.oracle.com/javase/8/docs/api/java/security/spec/InvalidKeySpecException.html"
java.security.spec.InvalidParameterSpecException,InvalidParameterSpecException,"https://docs.oracle.com/javase/8/docs/api/java/security/spec/InvalidParameterSpecException.html"
java.security.UnrecoverableEntryException,UnrecoverableEntryException,"https://docs.oracle.com/javase/8/docs/api/java/security/UnrecoverableEntryException.html"
java.security.UnrecoverableKeyException,UnrecoverableKeyException,"https://docs.oracle.com/javase/8/docs/api/java/security/UnrecoverableKeyException.html"
java.sql.BatchUpdateException,BatchUpdateException,"https://docs.oracle.com/javase/8/docs/api/java/sql/BatchUpdateException.html"
java.sql.SQLClientInfoException,SQLClientInfoException,"https://docs.oracle.com/javase/8/docs/api/java/sql/SQLClientInfoException.html"
java.sql.SQLDataException,SQLDataException,"https://docs.oracle.com/javase/8/docs/api/java/sql/SQLDataException.html"
java.sql.SQLException,SQLException,"https://docs.oracle.com/javase/8/docs/api/java/sql/SQLException.html"
java.sql.SQLFeatureNotSupportedException,SQLFeatureNotSupportedException,"https://docs.oracle.com/javase/8/docs/api/java/sql/SQLFeatureNotSupportedException.html"
java.sql.SQLIntegrityConstraintViolationException,SQLIntegrityConstraintViolationException,"https://docs.oracle.com/javase/8/docs/api/java/sql/SQLIntegrityConstraintViolationException.html"
java.sql.SQLInvalidAuthorizationSpecException,SQLInvalidAuthorizationSpecException,"https://docs.oracle.com/javase/8/docs/api/java/sql/SQLInvalidAuthorizationSpecException.html"
java.sql.SQLNonTransientConnectionException,SQLNonTransientConnectionException,"https://docs.oracle.com/javase/8/docs/api/java/sql/SQLNonTransientConnectionException.html"
java.sql.SQLNonTransientException,SQLNonTransientException,"https://docs.oracle.com/javase/8/docs/api/java/sql/SQLNonTransientException.html"
java.sql.SQLRecoverableException,SQLRecoverableException,"https://docs.oracle.com/javase/8/docs/api/java/sql/SQLRecoverableException.html"
java.sql.SQLSyntaxErrorException,SQLSyntaxErrorException,"https://docs.oracle.com/javase/8/docs/api/java/sql/SQLSyntaxErrorException.html"
java.sql.SQLTimeoutException,SQLTimeoutException,"https://docs.oracle.com/javase/8/docs/api/java/sql/SQLTimeoutException.html"
java.sql.SQLTransactionRollbackException,SQLTransactionRollbackException,"https://docs.oracle.com/javase/8/docs/api/java/sql/SQLTransactionRollbackException.html"
java.sql.SQLTransientConnectionException,SQLTransientConnectionException,"https://docs.oracle.com/javase/8/docs/api/java/sql/SQLTransientConnectionException.html"
java.sql.SQLTransientException,SQLTransientException,"https://docs.oracle.com/javase/8/docs/api/java/sql/SQLTransientException.html"
java.text.ParseException,ParseException,"https://docs.oracle.com/javase/8/docs/api/java/text/ParseException.html"
java.time.DateTimeException,DateTimeException,"https://docs.oracle.com/javase/8/docs/api/java/time/DateTimeException.html"
java.time.format.DateTimeParseException,DateTimeParseException,"https://docs.oracle.com/javase/8/docs/api/java/time/format/DateTimeParseException.html"
java.time.temporal.UnsupportedTemporalTypeException,UnsupportedTemporalTypeException,"https://docs.oracle.com/javase/8/docs/api/java/time/temporal/UnsupportedTemporalTypeException.html"
java.time.zone.ZoneRulesException,ZoneRulesException,"https://docs.oracle.com/javase/8/docs/api/java/time/zone/ZoneRulesException.html"
java.util.concurrent.BrokenBarrierException,BrokenBarrierException,"https://docs.oracle.com/javase/8/docs/api/java/util/concurrent/BrokenBarrierException.html"
java.util.concurrent.CancellationException,CancellationException,"https://docs.oracle.com/javase/8/docs/api/java/util/concurrent/CancellationException.html"
java.util.concurrent.CompletionException,CompletionException,"https://docs.oracle.com/javase/8/docs/api/java/util/concurrent/CompletionException.html"
java.util.concurrent.ExecutionException,ExecutionException,"https://docs.oracle.com/javase/8/docs/api/java/util/concurrent/ExecutionException.html"
java.util.concurrent.RejectedExecutionException,RejectedExecutionException,"https://docs.oracle.com/javase/8/docs/api/java/util/concurrent/RejectedExecutionException.html"
java.util.concurrent.TimeoutException,TimeoutException,"https://docs.oracle.com/javase/8/docs/api/java/util/concurrent/TimeoutException.html"
java.util.ConcurrentModificationException,ConcurrentModificationException,"https://docs.oracle.com/javase/8/docs/api/java/util/ConcurrentModificationException.html"
java.util.DuplicateFormatFlagsException,DuplicateFormatFlagsException,"https://docs.oracle.com/javase/8/docs/api/java/util/DuplicateFormatFlagsException.html"
java.util.EmptyStackException,EmptyStackException,"https://docs.oracle.com/javase/8/docs/api/java/util/EmptyStackException.html"
java.util.FormatFlagsConversionMismatchException,FormatFlagsConversionMismatchException,"https://docs.oracle.com/javase/8/docs/api/java/util/FormatFlagsConversionMismatchException.html"
java.util.FormatterClosedException,FormatterClosedException,"https://docs.oracle.com/javase/8/docs/api/java/util/FormatterClosedException.html"
java.util.IllegalFormatCodePointException,IllegalFormatCodePointException,"https://docs.oracle.com/javase/8/docs/api/java/util/IllegalFormatCodePointException.html"
java.util.IllegalFormatConversionException,IllegalFormatConversionException,"https://docs.oracle.com/javase/8/docs/api/java/util/IllegalFormatConversionException.html"
java.util.IllegalFormatException,IllegalFormatException,"https://docs.oracle.com/javase/8/docs/api/java/util/IllegalFormatException.html"
java.util.IllegalFormatFlagsException,IllegalFormatFlagsException,"https://docs.oracle.com/javase/8/docs/api/java/util/IllegalFormatFlagsException.html"
java.util.IllegalFormatPrecisionException,IllegalFormatPrecisionException,"https://docs.oracle.com/javase/8/docs/api/java/util/IllegalFormatPrecisionException.html"
java.util.IllegalFormatWidthException,IllegalFormatWidthException,"https://docs.oracle.com/javase/8/docs/api/java/util/IllegalFormatWidthException.html"
java.util.IllformedLocaleException,IllformedLocaleException,"https://docs.oracle.com/javase/8/docs/api/java/util/IllformedLocaleException.html"
java.util.InputMismatchException,InputMismatchException,"https://docs.oracle.com/javase/8/docs/api/java/util/InputMismatchException.html"
java.util.InvalidPropertiesFormatException,InvalidPropertiesFormatException,"https://docs.oracle.com/javase/8/docs/api/java/util/InvalidPropertiesFormatException.html"
java.util.jar.JarException,JarException,"https://docs.oracle.com/javase/8/docs/api/java/util/jar/JarException.html"
java.util.logging.ErrorManager,ErrorManager,"https://docs.oracle.com/javase/8/docs/api/java/util/logging/ErrorManager.html"
java.util.MissingFormatArgumentException,MissingFormatArgumentException,"https://docs.oracle.com/javase/8/docs/api/java/util/MissingFormatArgumentException.html"
java.util.MissingFormatWidthException,MissingFormatWidthException,"https://docs.oracle.com/javase/8/docs/api/java/util/MissingFormatWidthException.html"
java.util.MissingResourceException,MissingResourceException,"https://docs.oracle.com/javase/8/docs/api/java/util/MissingResourceException.html"
java.util.NoSuchElementException,NoSuchElementException,"https://docs.oracle.com/javase/8/docs/api/java/util/NoSuchElementException.html"
java.util.prefs.BackingStoreException,BackingStoreException,"https://docs.oracle.com/javase/8/docs/api/java/util/prefs/BackingStoreException.html"
java.util.prefs.InvalidPreferencesFormatException,InvalidPreferencesFormatException,"https://docs.oracle.com/javase/8/docs/api/java/util/prefs/InvalidPreferencesFormatException.html"
java.util.regex.PatternSyntaxException,PatternSyntaxException,"https://docs.oracle.com/javase/8/docs/api/java/util/regex/PatternSyntaxException.html"
java.util.ServiceConfigurationError,ServiceConfigurationError,"https://docs.oracle.com/javase/8/docs/api/java/util/ServiceConfigurationError.html"
java.util.TooManyListenersException,TooManyListenersException,"https://docs.oracle.com/javase/8/docs/api/java/util/TooManyListenersException.html"
java.util.UnknownFormatConversionException,UnknownFormatConversionException,"https://docs.oracle.com/javase/8/docs/api/java/util/UnknownFormatConversionException.html"
java.util.UnknownFormatFlagsException,UnknownFormatFlagsException,"https://docs.oracle.com/javase/8/docs/api/java/util/UnknownFormatFlagsException.html"
java.util.zip.DataFormatException,DataFormatException,"https://docs.oracle.com/javase/8/docs/api/java/util/zip/DataFormatException.html"
java.util.zip.ZipError,ZipError,"https://docs.oracle.com/javase/8/docs/api/java/util/zip/ZipError.html"
java.util.zip.ZipException,ZipException,"https://docs.oracle.com/javase/8/docs/api/java/util/zip/ZipException.html"
javax.activation.MimeTypeParseException,MimeTypeParseException,"https://docs.oracle.com/javase/8/docs/api/javax/activation/MimeTypeParseException.html"
javax.activation.UnsupportedDataTypeException,UnsupportedDataTypeException,"https://docs.oracle.com/javase/8/docs/api/javax/activation/UnsupportedDataTypeException.html"
javax.activity.ActivityCompletedException,ActivityCompletedException,"https://docs.oracle.com/javase/8/docs/api/javax/activity/ActivityCompletedException.html"
javax.activity.ActivityRequiredException,ActivityRequiredException,"https://docs.oracle.com/javase/8/docs/api/javax/activity/ActivityRequiredException.html"
javax.activity.InvalidActivityException,InvalidActivityException,"https://docs.oracle.com/javase/8/docs/api/javax/activity/InvalidActivityException.html"
javax.annotation.processing.FilerException,FilerException,"https://docs.oracle.com/javase/8/docs/api/javax/annotation/processing/FilerException.html"
javax.crypto.AEADBadTagException,AEADBadTagException,"https://docs.oracle.com/javase/8/docs/api/javax/crypto/AEADBadTagException.html"
javax.crypto.BadPaddingException,BadPaddingException,"https://docs.oracle.com/javase/8/docs/api/javax/crypto/BadPaddingException.html"
javax.crypto.ExemptionMechanismException,ExemptionMechanismException,"https://docs.oracle.com/javase/8/docs/api/javax/crypto/ExemptionMechanismException.html"
javax.crypto.IllegalBlockSizeException,IllegalBlockSizeException,"https://docs.oracle.com/javase/8/docs/api/javax/crypto/IllegalBlockSizeException.html"
javax.crypto.NoSuchPaddingException,NoSuchPaddingException,"https://docs.oracle.com/javase/8/docs/api/javax/crypto/NoSuchPaddingException.html"
javax.crypto.ShortBufferException,ShortBufferException,"https://docs.oracle.com/javase/8/docs/api/javax/crypto/ShortBufferException.html"
javax.imageio.IIOException,IIOException,"https://docs.oracle.com/javase/8/docs/api/javax/imageio/IIOException.html"
javax.imageio.metadata.IIOInvalidTreeException,IIOInvalidTreeException,"https://docs.oracle.com/javase/8/docs/api/javax/imageio/metadata/IIOInvalidTreeException.html"
javax.lang.model.element.UnknownAnnotationValueException,UnknownAnnotationValueException,"https://docs.oracle.com/javase/8/docs/api/javax/lang/model/element/UnknownAnnotationValueException.html"
javax.lang.model.element.UnknownElementException,UnknownElementException,"https://docs.oracle.com/javase/8/docs/api/javax/lang/model/element/UnknownElementException.html"
javax.lang.model.type.ErrorType,ErrorType,"https://docs.oracle.com/javase/8/docs/api/javax/lang/model/type/ErrorType.html"
javax.lang.model.type.MirroredTypeException,MirroredTypeException,"https://docs.oracle.com/javase/8/docs/api/javax/lang/model/type/MirroredTypeException.html"
javax.lang.model.type.MirroredTypesException,MirroredTypesException,"https://docs.oracle.com/javase/8/docs/api/javax/lang/model/type/MirroredTypesException.html"
javax.lang.model.type.UnknownTypeException,UnknownTypeException,"https://docs.oracle.com/javase/8/docs/api/javax/lang/model/type/UnknownTypeException.html"
javax.lang.model.UnknownEntityException,UnknownEntityException,"https://docs.oracle.com/javase/8/docs/api/javax/lang/model/UnknownEntityException.html"
javax.management.AttributeNotFoundException,AttributeNotFoundException,"https://docs.oracle.com/javase/8/docs/api/javax/management/AttributeNotFoundException.html"
javax.management.BadAttributeValueExpException,BadAttributeValueExpException,"https://docs.oracle.com/javase/8/docs/api/javax/management/BadAttributeValueExpException.html"
javax.management.BadBinaryOpValueExpException,BadBinaryOpValueExpException,"https://docs.oracle.com/javase/8/docs/api/javax/management/BadBinaryOpValueExpException.html"
javax.management.BadStringOperationException,BadStringOperationException,"https://docs.oracle.com/javase/8/docs/api/javax/management/BadStringOperationException.html"
javax.management.InstanceAlreadyExistsException,InstanceAlreadyExistsException,"https://docs.oracle.com/javase/8/docs/api/javax/management/InstanceAlreadyExistsException.html"
javax.management.InstanceNotFoundException,InstanceNotFoundException,"https://docs.oracle.com/javase/8/docs/api/javax/management/InstanceNotFoundException.html"
javax.management.IntrospectionException,IntrospectionException,"https://docs.oracle.com/javase/8/docs/api/javax/management/IntrospectionException.html"
javax.management.InvalidApplicationException,InvalidApplicationException,"https://docs.oracle.com/javase/8/docs/api/javax/management/InvalidApplicationException.html"
javax.management.InvalidAttributeValueException,InvalidAttributeValueException,"https://docs.oracle.com/javase/8/docs/api/javax/management/InvalidAttributeValueException.html"
javax.management.JMException,JMException,"https://docs.oracle.com/javase/8/docs/api/javax/management/JMException.html"
javax.management.JMRuntimeException,JMRuntimeException,"https://docs.oracle.com/javase/8/docs/api/javax/management/JMRuntimeException.html"
javax.management.ListenerNotFoundException,ListenerNotFoundException,"https://docs.oracle.com/javase/8/docs/api/javax/management/ListenerNotFoundException.html"
javax.management.MalformedObjectNameException,MalformedObjectNameException,"https://docs.oracle.com/javase/8/docs/api/javax/management/MalformedObjectNameException.html"
javax.management.MBeanException,MBeanException,"https://docs.oracle.com/javase/8/docs/api/javax/management/MBeanException.html"
javax.management.MBeanRegistrationException,MBeanRegistrationException,"https://docs.oracle.com/javase/8/docs/api/javax/management/MBeanRegistrationException.html"
javax.management.modelmbean.InvalidTargetObjectTypeException,InvalidTargetObjectTypeException,"https://docs.oracle.com/javase/8/docs/api/javax/management/modelmbean/InvalidTargetObjectTypeException.html"
javax.management.modelmbean.XMLParseException,XMLParseException,"https://docs.oracle.com/javase/8/docs/api/javax/management/modelmbean/XMLParseException.html"
javax.management.monitor.MonitorSettingException,MonitorSettingException,"https://docs.oracle.com/javase/8/docs/api/javax/management/monitor/MonitorSettingException.html"
javax.management.NotCompliantMBeanException,NotCompliantMBeanException,"https://docs.oracle.com/javase/8/docs/api/javax/management/NotCompliantMBeanException.html"
javax.management.openmbean.InvalidKeyException,InvalidKeyException,"https://docs.oracle.com/javase/8/docs/api/javax/management/openmbean/InvalidKeyException.html"
javax.management.openmbean.InvalidOpenTypeException,InvalidOpenTypeException,"https://docs.oracle.com/javase/8/docs/api/javax/management/openmbean/InvalidOpenTypeException.html"
javax.management.openmbean.KeyAlreadyExistsException,KeyAlreadyExistsException,"https://docs.oracle.com/javase/8/docs/api/javax/management/openmbean/KeyAlreadyExistsException.html"
javax.management.openmbean.OpenDataException,OpenDataException,"https://docs.oracle.com/javase/8/docs/api/javax/management/openmbean/OpenDataException.html"
javax.management.OperationsException,OperationsException,"https://docs.oracle.com/javase/8/docs/api/javax/management/OperationsException.html"
javax.management.ReflectionException,ReflectionException,"https://docs.oracle.com/javase/8/docs/api/javax/management/ReflectionException.html"
javax.management.relation.InvalidRelationIdException,InvalidRelationIdException,"https://docs.oracle.com/javase/8/docs/api/javax/management/relation/InvalidRelationIdException.html"
javax.management.relation.InvalidRelationServiceException,InvalidRelationServiceException,"https://docs.oracle.com/javase/8/docs/api/javax/management/relation/InvalidRelationServiceException.html"
javax.management.relation.InvalidRelationTypeException,InvalidRelationTypeException,"https://docs.oracle.com/javase/8/docs/api/javax/management/relation/InvalidRelationTypeException.html"
javax.management.relation.InvalidRoleInfoException,InvalidRoleInfoException,"https://docs.oracle.com/javase/8/docs/api/javax/management/relation/InvalidRoleInfoException.html"
javax.management.relation.InvalidRoleValueException,InvalidRoleValueException,"https://docs.oracle.com/javase/8/docs/api/javax/management/relation/InvalidRoleValueException.html"
javax.management.relation.RelationException,RelationException,"https://docs.oracle.com/javase/8/docs/api/javax/management/relation/RelationException.html"
javax.management.relation.RelationNotFoundException,RelationNotFoundException,"https://docs.oracle.com/javase/8/docs/api/javax/management/relation/RelationNotFoundException.html"
javax.management.relation.RelationServiceNotRegisteredException,RelationServiceNotRegisteredException,"https://docs.oracle.com/javase/8/docs/api/javax/management/relation/RelationServiceNotRegisteredException.html"
javax.management.relation.RelationTypeNotFoundException,RelationTypeNotFoundException,"https://docs.oracle.com/javase/8/docs/api/javax/management/relation/RelationTypeNotFoundException.html"
javax.management.relation.RoleInfoNotFoundException,RoleInfoNotFoundException,"https://docs.oracle.com/javase/8/docs/api/javax/management/relation/RoleInfoNotFoundException.html"
javax.management.relation.RoleNotFoundException,RoleNotFoundException,"https://docs.oracle.com/javase/8/docs/api/javax/management/relation/RoleNotFoundException.html"
javax.management.remote.JMXProviderException,JMXProviderException,"https://docs.oracle.com/javase/8/docs/api/javax/management/remote/JMXProviderException.html"
javax.management.remote.JMXServerErrorException,JMXServerErrorException,"https://docs.oracle.com/javase/8/docs/api/javax/management/remote/JMXServerErrorException.html"
javax.management.RuntimeErrorException,RuntimeErrorException,"https://docs.oracle.com/javase/8/docs/api/javax/management/RuntimeErrorException.html"
javax.management.RuntimeMBeanException,RuntimeMBeanException,"https://docs.oracle.com/javase/8/docs/api/javax/management/RuntimeMBeanException.html"
javax.management.RuntimeOperationsException,RuntimeOperationsException,"https://docs.oracle.com/javase/8/docs/api/javax/management/RuntimeOperationsException.html"
javax.management.ServiceNotFoundException,ServiceNotFoundException,"https://docs.oracle.com/javase/8/docs/api/javax/management/ServiceNotFoundException.html"
javax.naming.AuthenticationException,AuthenticationException,"https://docs.oracle.com/javase/8/docs/api/javax/naming/AuthenticationException.html"
javax.naming.AuthenticationNotSupportedException,AuthenticationNotSupportedException,"https://docs.oracle.com/javase/8/docs/api/javax/naming/AuthenticationNotSupportedException.html"
javax.naming.CannotProceedException,CannotProceedException,"https://docs.oracle.com/javase/8/docs/api/javax/naming/CannotProceedException.html"
javax.naming.CommunicationException,CommunicationException,"https://docs.oracle.com/javase/8/docs/api/javax/naming/CommunicationException.html"
javax.naming.ConfigurationException,ConfigurationException,"https://docs.oracle.com/javase/8/docs/api/javax/naming/ConfigurationException.html"
javax.naming.ContextNotEmptyException,ContextNotEmptyException,"https://docs.oracle.com/javase/8/docs/api/javax/naming/ContextNotEmptyException.html"
javax.naming.directory.AttributeInUseException,AttributeInUseException,"https://docs.oracle.com/javase/8/docs/api/javax/naming/directory/AttributeInUseException.html"
javax.naming.directory.AttributeModificationException,AttributeModificationException,"https://docs.oracle.com/javase/8/docs/api/javax/naming/directory/AttributeModificationException.html"
javax.naming.directory.InvalidAttributeIdentifierException,InvalidAttributeIdentifierException,"https://docs.oracle.com/javase/8/docs/api/javax/naming/directory/InvalidAttributeIdentifierException.html"
javax.naming.directory.InvalidAttributesException,InvalidAttributesException,"https://docs.oracle.com/javase/8/docs/api/javax/naming/directory/InvalidAttributesException.html"
javax.naming.directory.InvalidAttributeValueException,InvalidAttributeValueException,"https://docs.oracle.com/javase/8/docs/api/javax/naming/directory/InvalidAttributeValueException.html"
javax.naming.directory.InvalidSearchControlsException,InvalidSearchControlsException,"https://docs.oracle.com/javase/8/docs/api/javax/naming/directory/InvalidSearchControlsException.html"
javax.naming.directory.InvalidSearchFilterException,InvalidSearchFilterException,"https://docs.oracle.com/javase/8/docs/api/javax/naming/directory/InvalidSearchFilterException.html"
javax.naming.directory.NoSuchAttributeException,NoSuchAttributeException,"https://docs.oracle.com/javase/8/docs/api/javax/naming/directory/NoSuchAttributeException.html"
javax.naming.directory.SchemaViolationException,SchemaViolationException,"https://docs.oracle.com/javase/8/docs/api/javax/naming/directory/SchemaViolationException.html"
javax.naming.event.NamingExceptionEvent,NamingExceptionEvent,"https://docs.oracle.com/javase/8/docs/api/javax/naming/event/NamingExceptionEvent.html"
javax.naming.InsufficientResourcesException,InsufficientResourcesException,"https://docs.oracle.com/javase/8/docs/api/javax/naming/InsufficientResourcesException.html"
javax.naming.InterruptedNamingException,InterruptedNamingException,"https://docs.oracle.com/javase/8/docs/api/javax/naming/InterruptedNamingException.html"
javax.naming.InvalidNameException,InvalidNameException,"https://docs.oracle.com/javase/8/docs/api/javax/naming/InvalidNameException.html"
javax.naming.ldap.LdapReferralException,LdapReferralException,"https://docs.oracle.com/javase/8/docs/api/javax/naming/ldap/LdapReferralException.html"
javax.naming.LimitExceededException,LimitExceededException,"https://docs.oracle.com/javase/8/docs/api/javax/naming/LimitExceededException.html"
javax.naming.LinkException,LinkException,"https://docs.oracle.com/javase/8/docs/api/javax/naming/LinkException.html"
javax.naming.LinkLoopException,LinkLoopException,"https://docs.oracle.com/javase/8/docs/api/javax/naming/LinkLoopException.html"
javax.naming.MalformedLinkException,MalformedLinkException,"https://docs.oracle.com/javase/8/docs/api/javax/naming/MalformedLinkException.html"
javax.naming.NameAlreadyBoundException,NameAlreadyBoundException,"https://docs.oracle.com/javase/8/docs/api/javax/naming/NameAlreadyBoundException.html"
javax.naming.NameNotFoundException,NameNotFoundException,"https://docs.oracle.com/javase/8/docs/api/javax/naming/NameNotFoundException.html"
javax.naming.NamingException,NamingException,"https://docs.oracle.com/javase/8/docs/api/javax/naming/NamingException.html"
javax.naming.NamingSecurityException,NamingSecurityException,"https://docs.oracle.com/javase/8/docs/api/javax/naming/NamingSecurityException.html"
javax.naming.NoInitialContextException,NoInitialContextException,"https://docs.oracle.com/javase/8/docs/api/javax/naming/NoInitialContextException.html"
javax.naming.NoPermissionException,NoPermissionException,"https://docs.oracle.com/javase/8/docs/api/javax/naming/NoPermissionException.html"
javax.naming.NotContextException,NotContextException,"https://docs.oracle.com/javase/8/docs/api/javax/naming/NotContextException.html"
javax.naming.OperationNotSupportedException,OperationNotSupportedException,"https://docs.oracle.com/javase/8/docs/api/javax/naming/OperationNotSupportedException.html"
javax.naming.PartialResultException,PartialResultException,"https://docs.oracle.com/javase/8/docs/api/javax/naming/PartialResultException.html"
javax.naming.ReferralException,ReferralException,"https://docs.oracle.com/javase/8/docs/api/javax/naming/ReferralException.html"
javax.naming.ServiceUnavailableException,ServiceUnavailableException,"https://docs.oracle.com/javase/8/docs/api/javax/naming/ServiceUnavailableException.html"
javax.naming.SizeLimitExceededException,SizeLimitExceededException,"https://docs.oracle.com/javase/8/docs/api/javax/naming/SizeLimitExceededException.html"
javax.naming.TimeLimitExceededException,TimeLimitExceededException,"https://docs.oracle.com/javase/8/docs/api/javax/naming/TimeLimitExceededException.html"
javax.net.ssl.SSLException,SSLException,"https://docs.oracle.com/javase/8/docs/api/javax/net/ssl/SSLException.html"
javax.net.ssl.SSLHandshakeException,SSLHandshakeException,"https://docs.oracle.com/javase/8/docs/api/javax/net/ssl/SSLHandshakeException.html"
javax.net.ssl.SSLKeyException,SSLKeyException,"https://docs.oracle.com/javase/8/docs/api/javax/net/ssl/SSLKeyException.html"
javax.net.ssl.SSLPeerUnverifiedException,SSLPeerUnverifiedException,"https://docs.oracle.com/javase/8/docs/api/javax/net/ssl/SSLPeerUnverifiedException.html"
javax.net.ssl.SSLProtocolException,SSLProtocolException,"https://docs.oracle.com/javase/8/docs/api/javax/net/ssl/SSLProtocolException.html"
javax.print.attribute.UnmodifiableSetException,UnmodifiableSetException,"https://docs.oracle.com/javase/8/docs/api/javax/print/attribute/UnmodifiableSetException.html"
javax.print.AttributeException,AttributeException,"https://docs.oracle.com/javase/8/docs/api/javax/print/AttributeException.html"
javax.print.FlavorException,FlavorException,"https://docs.oracle.com/javase/8/docs/api/javax/print/FlavorException.html"
javax.print.PrintException,PrintException,"https://docs.oracle.com/javase/8/docs/api/javax/print/PrintException.html"
javax.print.URIException,URIException,"https://docs.oracle.com/javase/8/docs/api/javax/print/URIException.html"
javax.script.ScriptException,ScriptException,"https://docs.oracle.com/javase/8/docs/api/javax/script/ScriptException.html"
javax.security.auth.callback.UnsupportedCallbackException,UnsupportedCallbackException,"https://docs.oracle.com/javase/8/docs/api/javax/security/auth/callback/UnsupportedCallbackException.html"
javax.security.auth.DestroyFailedException,DestroyFailedException,"https://docs.oracle.com/javase/8/docs/api/javax/security/auth/DestroyFailedException.html"
javax.security.auth.login.AccountException,AccountException,"https://docs.oracle.com/javase/8/docs/api/javax/security/auth/login/AccountException.html"
javax.security.auth.login.AccountExpiredException,AccountExpiredException,"https://docs.oracle.com/javase/8/docs/api/javax/security/auth/login/AccountExpiredException.html"
javax.security.auth.login.AccountLockedException,AccountLockedException,"https://docs.oracle.com/javase/8/docs/api/javax/security/auth/login/AccountLockedException.html"
javax.security.auth.login.AccountNotFoundException,AccountNotFoundException,"https://docs.oracle.com/javase/8/docs/api/javax/security/auth/login/AccountNotFoundException.html"
javax.security.auth.login.CredentialException,CredentialException,"https://docs.oracle.com/javase/8/docs/api/javax/security/auth/login/CredentialException.html"
javax.security.auth.login.CredentialExpiredException,CredentialExpiredException,"https://docs.oracle.com/javase/8/docs/api/javax/security/auth/login/CredentialExpiredException.html"
javax.security.auth.login.CredentialNotFoundException,CredentialNotFoundException,"https://docs.oracle.com/javase/8/docs/api/javax/security/auth/login/CredentialNotFoundException.html"
javax.security.auth.login.FailedLoginException,FailedLoginException,"https://docs.oracle.com/javase/8/docs/api/javax/security/auth/login/FailedLoginException.html"
javax.security.auth.login.LoginException,LoginException,"https://docs.oracle.com/javase/8/docs/api/javax/security/auth/login/LoginException.html"
javax.security.auth.RefreshFailedException,RefreshFailedException,"https://docs.oracle.com/javase/8/docs/api/javax/security/auth/RefreshFailedException.html"
javax.security.cert.CertificateEncodingException,CertificateEncodingException,"https://docs.oracle.com/javase/8/docs/api/javax/security/cert/CertificateEncodingException.html"
javax.security.cert.CertificateException,CertificateException,"https://docs.oracle.com/javase/8/docs/api/javax/security/cert/CertificateException.html"
javax.security.cert.CertificateExpiredException,CertificateExpiredException,"https://docs.oracle.com/javase/8/docs/api/javax/security/cert/CertificateExpiredException.html"
javax.security.cert.CertificateNotYetValidException,CertificateNotYetValidException,"https://docs.oracle.com/javase/8/docs/api/javax/security/cert/CertificateNotYetValidException.html"
javax.security.cert.CertificateParsingException,CertificateParsingException,"https://docs.oracle.com/javase/8/docs/api/javax/security/cert/CertificateParsingException.html"
javax.security.sasl.AuthenticationException,AuthenticationException,"https://docs.oracle.com/javase/8/docs/api/javax/security/sasl/AuthenticationException.html"
javax.security.sasl.SaslException,SaslException,"https://docs.oracle.com/javase/8/docs/api/javax/security/sasl/SaslException.html"
javax.sound.midi.InvalidMidiDataException,InvalidMidiDataException,"https://docs.oracle.com/javase/8/docs/api/javax/sound/midi/InvalidMidiDataException.html"
javax.sound.midi.MidiUnavailableException,MidiUnavailableException,"https://docs.oracle.com/javase/8/docs/api/javax/sound/midi/MidiUnavailableException.html"
javax.sound.sampled.LineUnavailableException,LineUnavailableException,"https://docs.oracle.com/javase/8/docs/api/javax/sound/sampled/LineUnavailableException.html"
javax.sound.sampled.UnsupportedAudioFileException,UnsupportedAudioFileException,"https://docs.oracle.com/javase/8/docs/api/javax/sound/sampled/UnsupportedAudioFileException.html"
javax.sql.rowset.serial.SerialException,SerialException,"https://docs.oracle.com/javase/8/docs/api/javax/sql/rowset/serial/SerialException.html"
javax.sql.rowset.spi.SyncFactoryException,SyncFactoryException,"https://docs.oracle.com/javase/8/docs/api/javax/sql/rowset/spi/SyncFactoryException.html"
javax.sql.rowset.spi.SyncProviderException,SyncProviderException,"https://docs.oracle.com/javase/8/docs/api/javax/sql/rowset/spi/SyncProviderException.html"
javax.swing.text.BadLocationException,BadLocationException,"https://docs.oracle.com/javase/8/docs/api/javax/swing/text/BadLocationException.html"
javax.swing.text.ChangedCharSetException,ChangedCharSetException,"https://docs.oracle.com/javase/8/docs/api/javax/swing/text/ChangedCharSetException.html"
javax.swing.tree.ExpandVetoException,ExpandVetoException,"https://docs.oracle.com/javase/8/docs/api/javax/swing/tree/ExpandVetoException.html"
javax.swing.undo.CannotRedoException,CannotRedoException,"https://docs.oracle.com/javase/8/docs/api/javax/swing/undo/CannotRedoException.html"
javax.swing.undo.CannotUndoException,CannotUndoException,"https://docs.oracle.com/javase/8/docs/api/javax/swing/undo/CannotUndoException.html"
javax.swing.UnsupportedLookAndFeelException,UnsupportedLookAndFeelException,"https://docs.oracle.com/javase/8/docs/api/javax/swing/UnsupportedLookAndFeelException.html"
javax.transaction.InvalidTransactionException,InvalidTransactionException,"https://docs.oracle.com/javase/8/docs/api/javax/transaction/InvalidTransactionException.html"
javax.transaction.TransactionRequiredException,TransactionRequiredException,"https://docs.oracle.com/javase/8/docs/api/javax/transaction/TransactionRequiredException.html"
javax.transaction.TransactionRolledbackException,TransactionRolledbackException,"https://docs.oracle.com/javase/8/docs/api/javax/transaction/TransactionRolledbackException.html"
javax.transaction.xa.XAException,XAException,"https://docs.oracle.com/javase/8/docs/api/javax/transaction/xa/XAException.html"
javax.xml.bind.DataBindingException,DataBindingException,"https://docs.oracle.com/javase/8/docs/api/javax/xml/bind/DataBindingException.html"
javax.xml.bind.JAXBException,JAXBException,"https://docs.oracle.com/javase/8/docs/api/javax/xml/bind/JAXBException.html"
javax.xml.bind.MarshalException,MarshalException,"https://docs.oracle.com/javase/8/docs/api/javax/xml/bind/MarshalException.html"
javax.xml.bind.PropertyException,PropertyException,"https://docs.oracle.com/javase/8/docs/api/javax/xml/bind/PropertyException.html"
javax.xml.bind.TypeConstraintException,TypeConstraintException,"https://docs.oracle.com/javase/8/docs/api/javax/xml/bind/TypeConstraintException.html"
javax.xml.bind.UnmarshalException,UnmarshalException,"https://docs.oracle.com/javase/8/docs/api/javax/xml/bind/UnmarshalException.html"
javax.xml.bind.ValidationException,ValidationException,"https://docs.oracle.com/javase/8/docs/api/javax/xml/bind/ValidationException.html"
javax.xml.crypto.dsig.TransformException,TransformException,"https://docs.oracle.com/javase/8/docs/api/javax/xml/crypto/dsig/TransformException.html"
javax.xml.crypto.dsig.XMLSignatureException,XMLSignatureException,"https://docs.oracle.com/javase/8/docs/api/javax/xml/crypto/dsig/XMLSignatureException.html"
javax.xml.crypto.KeySelectorException,KeySelectorException,"https://docs.oracle.com/javase/8/docs/api/javax/xml/crypto/KeySelectorException.html"
javax.xml.crypto.MarshalException,MarshalException,"https://docs.oracle.com/javase/8/docs/api/javax/xml/crypto/MarshalException.html"
javax.xml.crypto.NoSuchMechanismException,NoSuchMechanismException,"https://docs.oracle.com/javase/8/docs/api/javax/xml/crypto/NoSuchMechanismException.html"
javax.xml.crypto.URIReferenceException,URIReferenceException,"https://docs.oracle.com/javase/8/docs/api/javax/xml/crypto/URIReferenceException.html"
javax.xml.datatype.DatatypeConfigurationException,DatatypeConfigurationException,"https://docs.oracle.com/javase/8/docs/api/javax/xml/datatype/DatatypeConfigurationException.html"
javax.xml.parsers.FactoryConfigurationError,FactoryConfigurationError,"https://docs.oracle.com/javase/8/docs/api/javax/xml/parsers/FactoryConfigurationError.html"
javax.xml.parsers.ParserConfigurationException,ParserConfigurationException,"https://docs.oracle.com/javase/8/docs/api/javax/xml/parsers/ParserConfigurationException.html"
javax.xml.soap.SOAPException,SOAPException,"https://docs.oracle.com/javase/8/docs/api/javax/xml/soap/SOAPException.html"
javax.xml.stream.FactoryConfigurationError,FactoryConfigurationError,"https://docs.oracle.com/javase/8/docs/api/javax/xml/stream/FactoryConfigurationError.html"
javax.xml.stream.XMLStreamException,XMLStreamException,"https://docs.oracle.com/javase/8/docs/api/javax/xml/stream/XMLStreamException.html"
javax.xml.transform.ErrorListener,ErrorListener,"https://docs.oracle.com/javase/8/docs/api/javax/xml/transform/ErrorListener.html"
javax.xml.transform.TransformerConfigurationException,TransformerConfigurationException,"https://docs.oracle.com/javase/8/docs/api/javax/xml/transform/TransformerConfigurationException.html"
javax.xml.transform.TransformerException,TransformerException,"https://docs.oracle.com/javase/8/docs/api/javax/xml/transform/TransformerException.html"
javax.xml.transform.TransformerFactoryConfigurationError,TransformerFactoryConfigurationError,"https://docs.oracle.com/javase/8/docs/api/javax/xml/transform/TransformerFactoryConfigurationError.html"
javax.xml.validation.SchemaFactoryConfigurationError,SchemaFactoryConfigurationError,"https://docs.oracle.com/javase/8/docs/api/javax/xml/validation/SchemaFactoryConfigurationError.html"
javax.xml.ws.http.HTTPException,HTTPException,"https://docs.oracle.com/javase/8/docs/api/javax/xml/ws/http/HTTPException.html"
javax.xml.ws.ProtocolException,ProtocolException,"https://docs.oracle.com/javase/8/docs/api/javax/xml/ws/ProtocolException.html"
javax.xml.ws.soap.SOAPFaultException,SOAPFaultException,"https://docs.oracle.com/javase/8/docs/api/javax/xml/ws/soap/SOAPFaultException.html"
javax.xml.ws.WebServiceException,WebServiceException,"https://docs.oracle.com/javase/8/docs/api/javax/xml/ws/WebServiceException.html"
javax.xml.xpath.XPathException,XPathException,"https://docs.oracle.com/javase/8/docs/api/javax/xml/xpath/XPathException.html"
javax.xml.xpath.XPathExpressionException,XPathExpressionException,"https://docs.oracle.com/javase/8/docs/api/javax/xml/xpath/XPathExpressionException.html"
javax.xml.xpath.XPathFactoryConfigurationException,XPathFactoryConfigurationException,"https://docs.oracle.com/javase/8/docs/api/javax/xml/xpath/XPathFactoryConfigurationException.html"
javax.xml.xpath.XPathFunctionException,XPathFunctionException,"https://docs.oracle.com/javase/8/docs/api/javax/xml/xpath/XPathFunctionException.html"
